Race Name	Traits	Trait Description	Size	Speed	Speed	IsSpeedLoss	Vision	TraitType;Name;EffectType;<Effect Field 1>...	Trait2	Trait3	Trait4	Trait5	Trait6				Weapon Familiarity	Languages
Dwarves	+2 Constitution, +2 Wisdom, -2 Charisma	Dwarves are both tough and wise, but also a bit gruff	Medium: Dwarves are Medium creatures and have no bonuses or penalties due to their size	Slow and Steady: Dwarves have a base speed of 20 feet, but their speed is never modified by armor or encumbrance.	20	0	Darkvision: Dwarves can see in the dark up to 60 feet.	Misc;Defensive Training;ArmorClass;4;dodge;Dwarves get a +4 dodge bonus to AC against monsters of the giant subtype.	Misc;Greed;Skill;2;racial;Appraise;Dwarves receive a +2 racial bonus onAppraise skill checks made to determine the price of nonmagical goods that contain precious metals or gemstones.	Misc;Hatred;AttackBonus;Humanoid-Orc, Humanoid-goblinoid;racial;1;Dwarves receive a +1 bonus on attack rollsagainst humanoid creatures of the orc and goblinoid subtypes due to special training against these hated foes.	Misc;Hardy;SavingThrow;2;poison, spells, and spell-like abilities;racial;Dwarves receive a +2 racial bonus onsaving throws against poison, spells, and spell-like abilities.	Misc;Stability;CombatManeuverDefense;4;racial;Dwarves receive a +4 racial bonus to their Combat Maneuver Defense when resisting abull rush or trip attempt while standing on the ground.	Misc;Stonecunning;Misc;Dwarves receive a +2 bonus on Perception checks to potentially notice unusual stonework, such as traps and hidden doors located in stone walls or floors. They receive a check to notice such features whenever they pass within 10 feet of them, whether or not they are actively looking.	-	-	-	Weapon Familiarity: Dwarves are proficient with battleaxes, heavy picks, and warhammers, and treat any weapon with the word "dwarven" in its name as a martial weapon.	Common, Dwarven, Dwarves with high Intelligence scores can choose from the following, Giant, Gnome, Goblin, Orc, Terran, Undercommon
Elves	+2 Dexterity, +2 Intelligence, -2 Constitution	Elves are nimble, both in body and mind, but their form is frail	Medium: Elves are Medium creatures and have no bonuses or penalties due to their size.	Normal Speed: Elves have a base speed of 30 feet.	30	1	Low-Light Vision: Elves can see twice as far as humans in conditions of dim light. See Additional Rules.	Misc;Elven Immunities;SavingThrow;2;Enchantment Spells and Effects;racial;Elves are immune to magic sleep effects and get a +2 racial saving throw bonus against enchantment spells and effects.	Misc;Elven Magic;Misc;Elves receive a +2 racial bonus on caster level checks made to overcome spell resistance. In addition, elves receive a +2 racial bonus onSpellcraft skill checks made to identify the properties of magic items.	Misc;Keen Senses;Skill;2;racial;Perception;Elves receive a +2 racial bonus on Perception skill checks.	Misc;Elven Magic;Skill;2;racial;Spellcraft;Elves receive a +2 racial bonus on Spellcraft skill checks made to identify the properties of magic items.	-	-	-	-	-	Weapon Familiarity: Elves are proficient with longbows (including composite longbows), longswords, rapiers, and shortbows (including composite shortbows), and treat any weapon with the word "elven" in its name as a martial weapon.	Common, Elven, Elves with high Intelligence scores can choose from the following, Celestial, Draconic, Gnoll, Gnome, Goblin, Orc, Sylvan.
Gnomes	+2 Constitution, +2 Charisma, -2 Strength	Gnomes are physically weak but surprisingly hardy, and their attitude makes them naturally agreeable	Small: Gnomes are Small creatures and gain a +1 size bonus to their AC, a +1 size bonus on attack rolls, a –1 penalty to their Combat Maneuver Bonus and Combat Maneuver Defense, and a +4 size bonus on Stealth checks.	Slow Speed: Gnomes have a base speed of 20 feet.	20	1	Low-Light Vision: Gnomes can see twice as far as humans in conditions of dim light. See Additional Rules.	Misc;Defensive Training;ArmorClass;4;dodge;Gnomes get a +4 dodge bonus to AC against monsters of the giant type.	Misc;Gnome Magic;Misc;Gnomes add +1 to the DC of any saving throws against illusion spells that they cast. Gnomes with a Charisma of 11 or higher also gain the following spell-like abilities: 1/day—dancing lights, ghost sound, prestidigitation, and speak with animals. The caster level for these effects is equal to the gnome's level. The DC for these spells is equal to 10 + the spell's level + the gnome's Charisma modifier.	Misc;Hatred;AttackBonus;Humanoid-reptilian, Humanoid-goblinoid;racial;1;Gnomes receive a +1 bonus on attack rolls against humanoid creatures of the reptilian and goblinoid subtypes due to special training against these hated foes.	Misc;Illusion Resistance;SavingThrow;2;Illusion spells or effects;racial;Gnomes get a +2 racial saving throw bonus against illusion spells or effects.	Misc;Keen Senses;Skill;2;racial;Perception;Gnomes receive a +2 racial bonus on Perception skill checks.	Misc;Obsessive;Misc;Gnomes receive a +2 racial bonus on a Craft or Profession skill of their choice.	-	-	-	Weapon Familiarity: Gnomes treat any weapon with the word "gnome" in its name as a martial weapon.	Common, Gnome, Sylvan, Gnomes with high Intelligence scores can choose from the following: Draconic, Dwarven, Elven, Giant, Goblin, Orc.
Half-Elves	+2 to One Ability Score	Half-elf characters get a +2 bonus to one ability score of their choice at creation to represent their varied nature	Medium: Half-elves are Medium creatures and have no bonuses or penalties due to their size.	Normal Speed: Half-elves have a base speed of 30 feet.	30	1	Low-Light Vision: Half-elves can see twice as far as humans in conditions of dim light. See Additional Rules.	Misc;Adaptability;Misc;Half-elves receive Skill Focus as a bonus feat at 1st level.	Misc;Elf Blood;Misc;Half-elves count as both elves and humans for any effect related to race.	Misc;Elven Immunities;SavingThrow;2;enchantment spells and effects;racial;Half-elves are immune to magic sleep effects and get a +2 racial saving throw bonus against enchantment spells and effects.	Misc;Keen Senses;Skill;2;racial;Perception;Half-elves receive a +2 racial bonus on Perception skill checks.	Misc;Multitalented;Misc;Half-elves choose two favored classes at first level and gain +1 hit point or +1 skill point whenever they take a level in either one of those classes. See Classes for more information about favored classes.	-	-	-	-	-	Common and Elven, Half-elves with high Intelligence scores can choose any languages they want (except secret languages, such as Druidic).
Half-Orcs	+2 to One Ability Score	Half-orc characters get a +2 bonus to one ability score of their choice at creation to represent their varied nature	Medium: Half-orcs are Medium creatures and have no bonuses or penalties due to their size.	Normal Speed: Half-orcs have a base speed of 30 feet.	30	1	Darkvision: Half-orcs can see in the dark up to 60 feet.	Misc;Intimidating;Skill;2;racial;Intimidate;Half-orcs receive a +2 racial bonus on Intimidate skill checks due to their fearsome nature.	Misc;Orc Blood;Misc;Half-orcs count as both humans and orcs for any effect related to race.	Misc;Orc Ferocity;Misc;Once per day, when a half-orc is brought below 0 hit points but not killed, he can fight on for one more round as if disabled. At the end of his next turn, unless brought to above 0 hit points, he immediately falls unconscious and begins dying.	-	-	-	-	-	-	Weapon Familiarity: Half-orcs are proficient with greataxes and falchions and treat any weapon with the word "orc" in its name as a martial weapon.	Common, Orc, Half-orcs with high Intelligence scores can choose from the following, Abyssal, Draconic, Giant, Gnoll, Goblin
Halflings	+2 Dexterity, +2 Charisma, -2 Strength	Halflings are nimble and strong-willed, but their small stature makes them weaker than other races	Small: Halflings are Small creatures and gain a +1 size bonus to their AC, a +1 size bonus on attack rolls, a –1 penalty to their Combat Maneuver Bonus and Combat Maneuver Defense, and a +4 size bonus on Stealth checks.	Slow Speed: Halflings have a base speed of 20 feet.	20	1	-	Misc;Fearless;SavingThrow;2;Fear;racial;Halflings receive a +2 racial bonus on all saving throws against fear. This bonus stacks with the bonus granted by halfling luck.	Misc;Halfling Luck;SavingThrow;1;All;racial;Halflings receive a +1 racial bonus on all saving throws.	Misc;Keen Senses;Skill;2;racial;Perception;Halflings receive a +2 racial bonus on Perception skill checks.	Misc;Sure-Footed;Skill;2;racial;Acrobatics;Halflings receive a +2 racial bonus on Acrobatics and Climb skill checks.	Misc;Sure-Footed;Skill;2;racial;Climb;Halflings receive a +2 racial bonus on Acrobatics and Climb skill checks.	-	-	-	-	Weapon Familiarity: Halflings are proficient with slings and treat any weapon with the word "halfling" in its name as a martial weapon.	Common, Halfling, Halflings with high Intelligence scores can choose from the following, Dwarven, Elven, Gnome, and Goblin.
Humans	+2 to One Ability Score	Human characters get a +2 bonus to one ability score of their choice at creation to represent their varied nature	Medium: Humans are Medium creatures and have no bonuses or penalties due to their size.	Normal Speed: Humans have a base speed of 30 feet.	30	1	-	Misc;Bonus Feat;Misc;Humans select one extra feat at 1st level.	Misc;Skilled;OnLevel;1;Humans gain an additional skill rank at first level and one additional rank whenever they gain a level.	-	-	-	-	-	-	-	-	Languages: Humans begin play speaking Common. Humans with high Intelligence scores can choose any languages they want (except secret languages, such as Druidic).
Aasimars	+2 Wisdom, +2 Charisma	Aasimars are insightful, confident, and personable	Medium: Aasimars are Medium creatures and have no bonuses or penalties due to their size.	Normal Speed: Aasimars have a base speed of 30 feet.	30	1	Darkvision: Aasimars can see in the dark up to 60 feet.	Misc;Skilled;Skill;2;racial;Diplomancy;Aasimars have a +2 racial bonus on Diplomacy and Perception checks.	Spell;Spell-Like Ability;Daylight;1;Aasimars can use daylight once per day as a spell-like ability (caster level equal to the aasimar's class level).	Misc;Celestial Resistance;ResistanceBonus;5;Acid;Aasimars have acid resistance 5, cold resistance 5, and electricity resistance 5.	Misc;Skilled;Skill;2;racial;Perception;Aasimars have a +2 racial bonus on Diplomacy and Perception checks.	Misc;Celestial Resistance;ResistanceBonus;5;Cold;Aasimars have acid resistance 5, cold resistance 5, and electricity resistance 5.	Misc;Celestial Resistance;ResistanceBonus;5;Electricity;Aasimars have acid resistance 5, cold resistance 5, and electricity resistance 5.	-	-	-	-	Languages: Aasimars begin play speaking Common and Celestial. Aasimars with high Intelligence scores can choose from the following languages: Draconic, Dwarven, Elven, Gnome, Halfling, and Sylvan.
Catfolk	+2 Dexterity, +2 Charisma, -2 Wisdom	Catfolk are sociable and agile, but often lack common sense	Medium: Catfolk are Medium creatures and have no bonuses or penalties due to their size.	Normal Speed: Catfolk have a base speed of 30 feet.	30	1	Low-Light Vision: In dim light, catfolk can see twice as far as humans.	Misc;Cat's Luck;Misc;Once per day when a catfolk makes a Reflex saving throw, he can roll the saving throw twice and take the better result. He must decide to use this ability before the saving throw is attempted.	Misc;Natural Hunter;Skill;2;racial;Perception;Catfolk receive a +2 racial bonus on Perception, Stealth, and Survival checks.	Misc;Sprinter;Misc;Catfolk gain a 10-foot racial bonus to their speed when using the charge, run, or withdraw actions.	Misc;Natural Hunter;Skill;2;racial;Stealth;Catfolk receive a +2 racial bonus on Perception, Stealth, and Survival checks.	Misc;Natural Hunter;Skill;2;racial;Survival;Catfolk receive a +2 racial bonus on Perception, Stealth, and Survival checks.	-	-	-	-	-	Languages: Catfolk begin play speaking Common and Catfolk. Catfolk with high Intelligence scores can choose from the following languages: Elven, Gnoll, Gnome, Goblin, Halfling, Orc, and Sylvan.
Dhampirs	+2 Dexterity, +2 Charisma, -2 Constitution	Dhampirs are fast and seductive, but their racial bond to the undead impedes their mortal vigor	Medium: Dhampirs are Medium creatures and have no bonuses or penalties due to their size.	Normal Speed: Dhampirs have a base speed of 30 feet.	30	1	Low-Light vision:Darkvision 60 feet.	Misc;Manipulative;Skill;2;racial;Bluff;+2 racial bonus on Bluff and Perception.	Misc;Undead Resistance;SavingThrow;2;Disease and mind-affecting effects;Racial;Dhampirs gain a +2 racial bonus on saving throws against disease and mind-affecting effects.	Misc;Light Sensitivity;Misc;Dhampirs are dazzled in areas of bright sunlight or within the radius of a daylight spell.	Misc;Negative Energy Affinity;Misc;Though a living creature, a dhampir reacts to positive and negative energy as if it were undead—positive energy harms it, while negative energy heals it.	Spell;Spell-Like Ability;Detect Undead;3;A dhampir can use detect undead three times per day as a spell-like ability. The caster level for this ability equals the dhampir's class level.	Misc;Resist Level Drain (Ex);Misc;A dhampir takes no penalties from energy drain effects, though he can still be killed if he accrues more negative levels then he has Hit Dice. After 24 hours, any negative levels a dhampir takes are removed without the need for an additional saving throw.	Misc;Manipulative;Skill;2;racial;Perception;+2 racial bonus on Bluff and Perception.	-	-	-	Languages: Dhampirs begin play speaking Common. Those with high Intelligence scores can choose any language it wants (except secret languages, such as Druidic).
Drow	+2 Dexterity, +2 Charisma, -2 Constitution	Drow are nimble and manipulative	Medium: Drow are Medium creatures and receive no bonuses or penalties due to their size.	Normal Speed: Drow have a base speed of 30 feet.	30	1	Darkvision: Drow can see in the dark up to 120 feet.	Misc;Drow Immunities;SavingThrow;2;Enchantment Spells and Effects;racial;Drow are immune to magic sleep effects and gain a +2 racial bonus on saving throws against enchantment spells and effects.	Misc;Keen Senses;Skill;2;racial;Perception;Drow gain a +2 racial bonus on Perception checks.	Misc;Poison Use;Misc;Drow are skilled in the use of poison and never risk accidentally poisoning themselves.	Misc;Spell Resistance;Misc;Drow possess spell resistance equal to 6 plus their class levels.	Spell;Spell-Like Abilities;Dancing Lights;1;A drow can cast dancing lights, darkness, and faerie fire, once each per day, using her total character level as her caster level.	Misc;Light Blindness;Misc;Abrupt exposure to bright light blinds drow for 1 round; on subsequent rounds, they are dazzled as long as they remain in the affected area.	Spell;Spell-Like Abilities;Darkness;1;A drow can cast dancing lights, darkness, and faerie fire, once each per day, using her total character level as her caster level.	Spell;Spell-Like Abilities;Faerie Fire;1;A drow can cast dancing lights, darkness, and faerie fire, once each per day, using her total character level as her caster level.	-	Weapon Familiarity: Drow are proficient with the hand crossbow, rapier, and short sword.	Languages: Drow begin play speaking Elven and Undercommon. Drow with high Intelligence scores can choose from the following languages: Abyssal, Aklo, Aquan, Common, Draconic, Drow Sign Language, Gnome, or Goblin.
Fetchlings	+2 Dexterity, +2 Charisma, -2 Wisdom	Fetchlings are quick and forceful, but often strange and easily distracted by errant thoughts	Medium: Fetchlings are Medium creatures and receive no bonuses or penalties due to their size.	Normal Speed: Fetchlings have a base speed of 30 feet.	30	1	Darkvision: Fetchlings can see in the dark up to 60 feet;Low-Light Vision: Fetchlings can see twice as far as humans in conditions of dim light.	Misc;Skilled;Skill;2;racial;Stealth;Fetchlings have a +2 racial bonus on Knowledge (planes) and Stealth checks.	Misc;Shadow Blending (Su);Misc;Attacks against a fetchling in dim light have a 50% miss chance instead of the normal 20% miss chance. This ability does not grant total concealment; it just increases the miss chance.	Misc;Shadowy Resistance;ResistanceBonus;5;Cold;Fetchlings have cold resistance 5 and electricity resistance 5.	Misc;Spell-Like Abilities (Sp);Misc;A fetchling can use disguise self once per day as a spell-like ability. He can assume the form of any humanoid creature using this spell-like ability. When a fetchling reaches 9th level in any combination of classes, he gains shadow walk (self only) as a spell-like ability usable once per day, and at 13th level, he gains plane shift (self only, to the Shadow Plane or the Material Plane only) usable once per day. A fetchling's caster level is equal to his total Hit Dice.	Misc;Skilled;Skill;2;racial;Knowledge (planes);Fetchlings have a +2 racial bonus on Knowledge (planes) and Stealth checks.	Misc;Shadowy Resistance;ResistanceBonus;5;Electricity;Fetchlings have cold resistance 5 and electricity resistance 5.	-	-	-	-	Languages: Fetchlings begin play speaking Common. Fetchlings with a high Intelligence scores can choose from the following: Aklo, Aquan, Auran, Draconic, D'ziriak (understanding only, cannot speak), Ignan, Terran, and any regional human tongue.
Goblins	+4 Dexterity, -2 Strength, -2 Charisma	Goblins are fast, but weak and unpleasant to be around	Small: Goblins are Small creatures and gain a +1 size bonus to their AC, a +1 size bonus on attack rolls, a –1 penalty to their CMB and CMD, and a +4 size bonus on Stealth checks.	Fast: Goblins are fast for their size, and have a base speed of 30 feet.	30	1	Darkvision: Goblins can see in the dark up to 60 feet.	Misc;Skilled;Skill;4;racial;Ride;+4 racial bonus on Ride and Stealth checks.	Misc;Skilled;Skill;4;racial;Stealth;+4 racial bonus on Ride and Stealth checks.	-	-	-	-	-	-	-	-	Languages: Goblins begin play speaking Goblin. Goblins with high Intelligence scores can choose from the following: Common, Draconic, Dwarven, Gnoll, Gnome, Halfling, and Orc.
Hobgoblins	+2 Dexterity, +2 Constitution	Hobgoblins are fast and hardy	Medium: Hobgoblins are Medium creatures and have no bonuses or penalties due to their size.	Normal Speed: Hobgoblins have a base speed of 30 feet.	30	1	Darkvision: Hobgoblins can see in the dark up to 60 feet.	Misc;Sneaky;Skill;4;racial;Stealth;Hobgoblins receive a +4 racial bonus on Stealth checks.	-	-	-	-	-	-	-	-	-	Languages: Hobgoblins begin play speaking Common and Goblin. Hobgoblins with high Intelligence scores can choose from the following: Draconic, Dwarven, Infernal, Giant, and Orc.
Ifrits	+2 Dexterity, +2 Charisma, -2 Wisdom	Ifrits are passionate and quick, but impetuous and destructive	Medium: Ifrits are Medium creatures and receive no bonuses or penalties due to their size.		30	1	Darkvision: Ifrits can see in the dark up to 60 feet.	Spell;Spell-Like Ability;Burning hands;1;Spell-Like Ability: burning Hands 1/day (caster level equals the ifrit's level)	Misc;Energy Resistance;ResistanceBonus;5;Fire;Ifrits have fire resistance 5.	Misc;Fire Affinity;Misc;Ifrit sorcerers with the elemental (fire) bloodline treat their Charisma score as 2 points higher for all sorcerer spells and class abilities. Ifrit spellcasters with the Fire domain use their domain powers and spells at +1 caster level.	-	-	-	-	-	-	-	Languages: Ifrits begin play speaking Common and Ignan. Ifrits with high Intelligence scores can choose from the following: Aquan, Auran, Dwarven, Elven, Gnome, Halfling, and Terran.
Kobolds	+2 Dexterity, -4 Strength, -2 Constitution	Kobolds are fast but weak	Small: Kobolds are Small creatures and gain a +1 size bonus to their AC, a +1 size bonus on attack rolls, a –1 penalty on their combat maneuver checks and to Combat Maneuver Defense, and a +4 size bonus on Stealth checks.	Normal Speed: Kobolds have a base speed of 30 feet.	30	1	Darkvision: Kobolds can see in the dark up to 60 feet.	Misc;Armor;ArmorClass;1;natural;Kobolds have a +1 natural armor bonus.	Misc;Crafty;Skill;2;Craft (trapmaking);Kobolds gain a +2 racial bonus on Craft (trapmaking), Perception, and Profession (miner) checks.	Misc;Weakness;Misc;Light sensitivity.	Misc;Crafty;Skill;2;Perception;Kobolds gain a +2 racial bonus on Craft (trapmaking), Perception, and Profession (miner) checks.	Misc;Crafty;Skill;2;Profession (miner);Kobolds gain a +2 racial bonus on Craft (trapmaking), Perception, and Profession (miner) checks.	Misc;Crafty;Misc;Craft (traps) and Stealth are always class skills for a kobold	-	-	-	-	Languages: Kobolds begin play speaking only Draconic. Kobolds with high Intelligence scores can choose from the following: Common, Dwarven, Gnome, and Undercommon.
Orcs	+4 Strength, -2 Intelligence, -2 Wisdom, -2 Charisma	Orcs are brutal and savage	Medium: Orcs are Medium creatures and have no bonuses or penalties due to their size.	Normal Speed: Orcs have a base speed of 30 feet.	30	1	Darkvision: Orcs can see in the dark up to 60 feet.	Misc;Light Sensitivity;Misc;Orcs are dazzled in areas of bright sunlight or within the radius of a daylight spell	Misc;Ferocity;Misc;Orcs can remain conscious and continue fighting even if their hit point totals fall below 0. Orcs are still staggered at 0 hit points or lower and lose 1 hit point each round as normal.	-	-	-	-	-	-	-	Weapon Familiarity: Orcs are always proficient with greataxes and falchions, and treat any weapon with the word "orc" in its name as a martial weapon.	Languages: Orcs begin play speaking Common and Orc. Orcs with high Intelligence scores can chose from the following: Dwarven, Giant, Gnoll, Goblin, Undercommon.
Oreads	+2 Strength, +2 Wisdom, -2 Charisma	Oreads are strong, solid, stable, and stoic	Medium: Oreads are Medium creatures and have no bonuses or penalties due to their size.	Slow Speed: Oreads have a base speed of 20 feet.	20	1	Darkvision: Oreads can see in the dark up to 60 feet.	Spell;Spell-Like Ability;Magic stone;1;Spell-Like Ability: 1/day (caster level equals the oread's total level)	Misc;Energy Resistance;ResistanceBonus;5;Acid;Oreads have acid resistance 5.	Misc;Earth Affinity;Misc;Oread sorcerers with the elemental (earth) bloodline treat their Charisma score as 2 points higher for all sorcerer spells and class abilities. Oread clerics with the Earth domain use their domain powers and spells at +1 caster level.	-	-	-	-	-	-	-	Languages: Oreads begin play speaking Common and Terran. Oreads with high Intelligence scores can choose from the following: Aquan, Auran, Dwarven, Elven, Gnome, Halfling, Ignan, and Undercommon.
Ratfolk	+2 Dexterity, +2 Intelligence, -2 Strength	Ratfolk are agile and clever, yet physically weak	Small: Ratfolk are Small and gain a +1 size bonus to their AC, a +1 size bonus on attack rolls, a –1 penalty on combat maneuver checks and to their CMD, and a +4 size bonus on Stealth checks.	Slow Speed: Ratfolk have a base speed of 20 feet.	20	1	Darkvision: Ratfolk can see in the dark up to 60 feet.	Misc;Rodent Empathy;Skill;4;racial;Handle Animal;Ratfolk gain a +4 racial bonus on Handle Animal checks made to influence rodents	Misc;Swarming;Misc;Ratfolk are used to living and fighting communally, and are adept at swarming foes for their own gain and their foes' detriment. Up to two ratfolk can share the same square at the same time. If two ratfolk in the same square attack the same foe, they are considered to be flanking that foe as if they were in two opposite squares.	Misc;Tinker;Skill;2;racial;Craft (alchemy);Ratfolk gain a +2 racial bonus on Craft (alchemy), Perception, and Use Magic Device checks.	Misc;Tinker;Skill;2;racial;Perception;Ratfolk gain a +2 racial bonus on Craft (alchemy), Perception, and Use Magic Device checks.	Misc;Tinker;Skill;2;racial;Use Magic Device;Ratfolk gain a +2 racial bonus on Craft (alchemy), Perception, and Use Magic Device checks.	-	-	-	-	-	Languages: Ratfolk begin play speaking Common. Ratfolk with high Intelligence scores can choose from the following: Aklo, Draconic, Dwarven, Gnoll, Gnome, Goblin, Halfling, Orc, and Undercommon.
Sylphs	+2 Dexterity, +2 Intelligence, -2 Constitution	Sylphs are quick and insightful, but slight and delicate	Medium: Sylphs are Medium creatures and have no bonuses or penalties due to their size.	Normal Speed: Sylphs have a base speed of 30 feet.	30	1	Darkvision: Sylphs can see in the dark up to 60 feet.	Spell;Spell-Like Ability;Feather fall;1;Spell-Like Ability: Feather fall 1/day (caster level equals the sylph's total level)	Misc;Energy Resistance;ResistanceBonus;5;Electric;Sylphs have electricity resistance 5.	Misc;Air Affinity;Misc;Sylph sorcerers with the elemental (air) bloodline treat their Charisma score as 2 points higher for all sorcerer spells and class abilities. Sylph spellcasters with the Air domain use their domain powers and spells at +1 caster level.	-	-	-	-	-	-	-	Languages: Sylphs begin play speaking Common and Auran. Sylphs with high Intelligence scores can choose from the following: Aquan, Dwarven, Elven, Gnome, Halfling, Ignan, and Terran.
Tengus	+2 Dexterity, +2 Wisdom, -2 Constitution	Tengus are fast and observant, but relatively fragile and delicate	Medium: Tengus are Medium creatures and receive no bonuses or penalties due to their size.	Normal Speed: Tengus have a base speed of 30 feet.	30	1	Low-Light vision	Misc;Sneaky;Skill;2;racial;Perception;Tengus gain a +2 racial bonus on Perception and Stealth checks	Misc;Gifted Linguist;Skill;4;racial;Linguistics;Tengus gain a +4 racial bonus on Linguistics checks, and learn 2 languages each time they gain a rank in Linguistics rather than 1 language.	Misc;Swordtrained;Misc;Tengus are trained from birth in swordplay, and as a result are automatically proficient with swordlike weapons (including bastard swords, daggers, elven curve blades, falchions, greatswords, kukris, longswords, punching daggers, rapiers, scimitars, short swords, and two-bladed swords).	Misc;Sneaky;Skill;2;racial;Stealth;Tengus gain a +2 racial bonus on Perception and Stealth checks.	Misc;Gifted Linguist;Misc;Tengus learn 2 languages each time they gain a rank in Linguistics rather than 1 language	-	-	-	-	Natural Weapon: A tengu has a bite attack that deals 1d3 points of damage.	Languages: Tengus begin play speaking Common and Tengu. Tengus with high Intelligence scores can choose any languages they want (except for secret languages, such as Druidic).
Tieflings	+2 Dexterity, +2 Intelligence, -2 Charisma	Tieflings are quick in body and mind, but are inherently strange and unnerving	Medium: Tieflings are Medium creatures and receive no bonuses or penalties due to their size.	Normal Speed: Tieflings have a base speed of 30 feet.	30	1	Darkvision: Tieflings see in the dark for up to 60 feet.	Misc;Skilled;Skill;2;racial;Bluff;Tieflings gain a +2 racial bonus on Bluff and Stealth checks	Spell;Spell-Like Ability;Darkness;1;Tieflings can use darkness once per day as a spell-like ability. The caster level for this ability equals the tiefling's class level.	Misc;Fiendish Resistance;ResistanceBonus;5;Cold;Tieflings have cold resistance 5, electricity resistance 5, and fire resistance 5.	Misc;Fiendish Sorcery;Misc;Tiefling sorcerers with the Abyssal or Infernal bloodlines treat their Charisma score as 2 points higher for all sorcerer class abilities.	Misc;Skilled;Skill;2;racial;Stealth;Tieflings gain a +2 racial bonus on Bluff and Stealth checks.	Misc;Fiendish Resistance;ResistanceBonus;5;Electricity;Tieflings have cold resistance 5, electricity resistance 5, and fire resistance 5.	Misc;Fiendish Resistance;ResistanceBonus;5;Fire;Tieflings have cold resistance 5, electricity resistance 5, and fire resistance 5.	-	-	-	Languages: Tieflings begin play speaking Common and either Abyssal or Infernal. Tieflings with high intelligence scores can choose from the following: Abyssal, Draconic, Dwarven, Elven, Gnome, Goblin, Halfling, Infernal, and Orc.
Undines	+2 Dexterity, +2 Wisdom, -2 Strength	Undines are both perceptive and agile, but tend to adapt rather than match force with force	Medium: Undines are Medium creatures and receive no bonuses or penalties due to their size.	Normal Speed: Undines have a base speed of 30 feet on land. They also have a swim speed of 30 feet, can move in water without making Swimchecks, and always treat Swim as a class skill.	30	1	Darkvision: Undines can see in the dark up to 60 feet.	Spell;Spell-Like Ability;Hydraulic push;1;Spell-Like Ability: Hydraulic push 1/day (caster level equals the undine's level)	Misc;Energy Resistance;ResistanceBonus;5;Cold;Undines have cold resistance 5	Misc;Water Affinity;Misc;Undine sorcerers with the elemental (water) bloodline treat their Charisma score as 2 points higher for all sorcerer spells and class abilities. Undine clerics with the Water domain cast their Water domain powers and spells at +1 caster level.	-	-	-	-	-	-	-	Languages: Undines begin play speaking Common and Aquan. Undines with high Intelligence scores can choose from the following: Auran, Dwarven, Elven, Gnome, Halfling, Ignan, and Terran.
Changlings	+2 Wisdom, +2 Charisma, -2 Constitution	Changelings are frail, but are clever and comely	Medium: Changelings are Medium creatures and have no bonuses or penalties due to their size.	Normal Speed: Changelings have a base speed of 30 feet.	30	1	Darkvision: Changelings can see in the dark up to 60 feet.	Misc;Hulking Changeling (Annis Hag);Damage;1;The changeling gains a +1 racial bonus on melee damage.	Misc;Claws;Misc;Changelings' fingernails are hard and sharp, granting them two claw attacks (1d4 points of damage each).	Misc;Natural Armor;ArmorClass;1;natural;Changelings have a +1 natural armor bonus.	Misc;Green Widow (Green Hag);Misc;The changeling gains a +2 racial bonus on Bluff checks against creatures that are sexually attracted to her.	Misc;Sea Lungs (Sea Hag);Misc;The changeling may hold her breath for a number of rounds equal to three times her Constitution before she risks drowning.	-	-	-	-	-	Languages: Changelings begin play speaking Common and the primary language of their host society. Changelings with high Intelligence scores can choose from the following: Aklo, Draconic, Dwarven, Elven, Giant, Gnoll, Goblin, and Orc.
Duergar	+2 Constitution, +2 Wisdom, -4 Charisma	Duergar are hearty and observant, but also belligerent	Medium: Duergar are Medium creatures and have no bonuses or penalties due to their size.	Slow and Steady: Duergar have a base speed of 20 feet, but their speed is never modified by armor or encumbrance.	20	0	Superior Darkvision: Duergar can see in the dark up to 120 feet.	Misc;Duergar Immunities;SavingThrow;2;spells and spell-like abilities;racial;Duergar are immune to paralysis, phantasms, and poison. They gain a +2 racial bonus on saves against spells and spell-like abilities.	Misc;Stability;CombatManeuverBonus;5;racial;Duergar receive a +4 racial bonus to their CMD against bull rush or trip attempts while on solid ground.	Spell;Spell-Like Abilities;Enlarge Person;1;Misc;A duergar can use enlarge person and invisibility once each per day, using its character level as its caster level and affecting itself only.	Misc;Light Sensitivity;Misc;Duergar are dazzled in areas of bright light.	Spell;Spell-Like Abilities;Invisibility;1;Misc;A duergar can use enlarge person and invisibility once each per day, using its character level as its caster level and affecting itself only.	-	-	-	-	-	Languages: Duergar begin play speaking Common, Dwarven, and Undercommon. Duergar with high Intelligence scores can choose from the following: Aklo, Draconic, Giant, Goblin, Orc, and Terran.
Gillmen	+2 Constitution, +2 Charisma, -2 Wisdom	Gillmen are vigorous and beautiful, but their domination by the aboleths has made them weak-willed	Medium: Gillmen are Medium creatures and have no bonuses or penalties due to their size.	Normal Speed: Gillmen have a base speed of 30 feet on land. As aquatic creatures, they also have a swim speed of 30 feet, can move in water without making Swim checks, and always treat Swim as a class skill.	30	1	-	Misc;Amphibious;Misc;Gillmen have the aquatic subtype, but can breathe both water and air.	Misc;Enchantment Resistance;SavingThrow;2;non-aboleth enchantment spells and effects;racial;Gillmen gain a +2 racial saving throw bonus against non-aboleth enchantment spells and effects, but take a –2 penalty on such saving throws against aboleth sources.	Misc;Water Dependent;Misc;A gillman's body requires constant submersion in fresh or salt water. Gillmen who spend more than 1 day without fully submerging themselves in water risk internal organ failure, painful cracking of the skin, and death within 4d6 hours.	Misc;Enchantment Resistance;SavingThrow;-2;aboleth enchantment spells and effects;racial;Gillmen gain a +2 racial saving throw bonus against non-aboleth enchantment spells and effects, but take a –2 penalty on such saving throws against aboleth sources.	-	-	-	-	-	-	Languages: Gillmen begin play speaking Common and Aboleth. Gillmen with high Intelligence scores can choose from the following: Aklo, Aquan, Draconic, and Elven.
Gripplis	+2 Dexterity, +2 Wisdom, -2 Strength	Gripplis are nimble and alert, but spindly	Small: Gripplis are Small creatures and gain a +1 size bonus to their AC, a +1 size bonus on attack rolls, a –1 penalty to their CMB and CMD, and a +4 size bonus on Stealth checks.	Normal Speed: Gripplis have a base speed of 30 feet and a climb speed of 20 feet.	30	1	Darkvision: Gripplis can see in the dark up to 60 feet.	Misc;Camouflage;Skill;4;racial;Stealth;Gripplis receive a +4 racial bonus on Stealth checks in marshes and forested areas.	Misc;Swamp Stride (Ex);Misc;A grippli can move through difficult terrain at its normal speed while within a swamp. Magically altered terrain affects a grippli normally.	-	-	-	-	-	-	-	Weapon Familiarity: Gripplis are proficient with nets.	Languages: Gripplis begin play speaking Common and Grippli. Gripplis with high Intelligence scores can choose from the following: Boggard, Draconic, Elven, Gnome, Goblin, and Sylvan.
Kitsune	+2 Dexterity, +2 Charisma, -2 Strength	Kitsune are agile and companionable, but tend to be physically weak	Medium: Kitsune are Medium creatures and have no bonuses or penalties due to their size.	Normal Speed: Kitsune have a base speed of 30 feet.	30	1	Low-Light Vision: Kitsune can see twice as far as humans in conditions of dim light.	Misc;Change Shape (su);Skill;10;racial;Disguise;A kitsune can assume the appearance of a specific single human form of the same sex. The kitsune always takes this specific form when she uses this ability. A kitsune in human form cannot use her bite attack, but gains a +10 racial bonus on Disguise checks made to appear human. Changing shape is a standard action. This ability otherwise functions as alter self, except that the kitsune does not adjust her ability scores.	Misc;Agile (Ex);Skill;2;racial;Acrobatics;Kitsune receive a +2 racial bonus on Acrobatics checks.	Misc;Kitsune Magic (Ex/Sp);Misc;Kitsune add +1 to the DC of any saving throws against enchantment spells that they cast. Kitsune with a Charisma score of 11 or higher gain the following spell-like ability: 3/day—dancing lights.	-	-	-	-	-	-	Natural Weapons (Ex): In her natural form, a kitsune has a bite attack that deals 1d4 points of damage.	Languages: Kitsune begin play speaking Common and Sylvan. Kitsune with high Intelligence scores can choose from the following: any human language, Aklo, Celestial, Elven, Gnome, and Tengu.
Merfolk	+2 Dexterity, +2 Constitution, +2 Charisma	Merfolk are graceful, hale, and beautiful	Medium: Merfolk are Medium creatures and have no bonuses or penalties due to their size.	Slow Speed: Merfolk have a base speed of 5 feet. They have a swim speed of 50 feet.	5	1	Low-Light Vision: Merfolk have low-light vision.	Misc;Aquatic;Misc;Merfolk are humanoids with the aquatic subtype.	Misc;Amphibious;Misc;Merfolk are amphibious, but prefer not to spend long periods out of the water.	Misc;Armor;ArmorClass;2;natural;Merfolk have a +2 natural armor bonus.	Misc;Legless;Misc;Merfolk have no legs, and cannot be tripped.	-	-	-	-	-	-	Languages: Merfolk begin play speaking Common and Aquan. Merfolk with high Intelligence scores can choose from the following: Aboleth, Aklo, Draconic, Elven, and Sylvan.
Nagaji	+2 Strength, +2 Charisma, -2 Intelligence	Nagaji are strong and have forceful personalities, but tend to ignore logic and mock scholastic pursuits	Medium: Nagaji are Medium creatures and have no bonuses or penalties due to their size.	Normal Speed: Nagaji have a base speed of 30 feet.	30	1	Low-Light Vision: Nagaji can see twice as far as humans in conditions of dim light.	Misc;Armored Scales;ArmorClass;1;Natural Armor;Nagaji have a +1 natural armor bonus from their scaly flesh.	Misc;Resistant (Ex);SavingThrow;2;mind-affecting effects and poison;racial;Nagaji receive a +2 racial saving throw bonus against mind-affecting effects and poison.	Misc;Serpent's Sense (Ex);Skill;2;racial;Handle Animal;Nagaji receive a +2 racial bonus on Handle Animal checks against reptiles, and a +2 racial bonus on Perception checks.	Misc;Serpent's Sense (Ex);Skill;2;racial;Perception;Nagaji receive a +2 racial bonus on Handle Animal checks against reptiles, and a +2 racial bonus on Perception checks.	-	-	-	-	-	-	Languages: Nagaji begin play speaking Common and Draconic. Nagaji with high Intelligence scores can choose from the following: any human tongue, Abyssal, Aklo, Celestial, Draconic, Giant, Infernal, and Sylvan.
Samsarans	+2 Intelligence, +2 Wisdom, -2 Constitution	Samsarans are insightful and strong-minded, but their bodies tend to be frail	Medium: Samsarans are Medium creatures and have no bonuses or penalties due to their size.	Normal Speed: Samsarans have a base speed of 30 feet.	30	1	Low-Light Vision: Samsarans can see twice as far as humans in conditions of dim light.	Misc;Lifebound (Ex);SavingThrow;2;all saving throws made to resist death effects, saving throws against negative energy effects, Fortitude saves made to remove negative levels, and Constitution checks made to stabilize if reduced to negative hit points;racial;Samsarans gain a +2 racial bonus on all saving throws made to resist death effects, saving throws against negative energy effects, Fortitude saves made to remove negative levels, and Constitution checks made to stabilize if reduced to negative hit points.	Misc;Samsaran Magic (Sp);Misc;Samsarans with a Charisma score of 11 or higher gain the following spell-like abilities: 1/day—comprehend languages,deathwatch, and stabilize. The caster level for these effects is equal to the samsaran's level.	Misc;Shards of the Past (Ex);Skill;2;racial;-;A samsaran's past lives grant her bonuses on two particular skills. A samsaran chooses two skills—she gains a +2 racial bonus on both of these skills, and they are treated as class skills regardless of what class she actually takes.	Misc;Shards of the Past (Ex);Skill;2;racial;-;A samsaran's past lives grant her bonuses on two particular skills. A samsaran chooses two skills—she gains a +2 racial bonus on both of these skills, and they are treated as class skills regardless of what class she actually takes.	-	-	-	-	-	-	Languages: Samsarans begin play speaking Common and Samsaran. Samsarans with high Intelligence scores can choose from the following: any human language, Abyssal, Aquan, Auran, Celestial, Draconic, Giant, Ignan, Infernal, Nagaji, Tengu, and Terran.
Strix	+2 Dexterity, -2 Charisma	Strix are swift and elusive, but tend to be stubborn and swift to anger	Medium: Strix are Medium creatures and have no bonuses or penalties due to their size.	Normal Speed: Strix have a base speed of 30 feet on land. They also have a fly speed of 60 feet (average).	30	1	Low-Light Vision;Darkvision	Misc;Hatred;AttackBonus;Humanoid;racial;1;Strix receive a +1 racial bonus on attack rolls against humanoid creatures with the human subtype because of their special training against these hated foes.	Misc;Nocturnal;Skill;2;racial;Perception;Strix gain a +2 racial bonus on Perception and Stealth checks in dim light or darkness.	Misc;Suspicious;SavingThrow;2;illusion spells and effects;racial;Strix receive a +2 racial bonus on saving throws against illusion spells and effects.	Misc;Nocturnal;Skill;2;racial;Stealth;Strix gain a +2 racial bonus on Perception and Stealth checks in dim light or darkness.	-	-	-	-	-	-	Languages: Strix begin play speaking Strix. Those with high Intelligence scores can choose from the following: Auran, Common, Draconic, Giant, Gnome, Goblin, Infernal.
Sulis	+2 Strength, +2 Charisma, -2 Intelligence	Sulis are brawny and charming, but slow-witted	Medium: Sulis are Medium creatures and have no bonuses or penalties due to their size.	Normal Speed: Sulis have a base speed of 30 feet.	30	1	Low-Light Vision: Sulis can see twice as far as humans in dim light.	Misc;Negotiator;Skill;2;racial;Diplomancy;Sulis are keen negotiators, and gain a +2 racial bonus on Diplomacy and Sense Motive checks.	Misc;Elemental Assault (Su);Misc;Once per day as a swift action, a suli can shroud her arms in acid, cold, electricity, or fire. This lasts for one round per level, and can be dismissed as a free action. Unarmed strikes with her arms or hands (or attacks with weapons held in those hands) deal +1d6 points of damage of the appropriate energy type.	Misc;Energy Resistance 5;ResistanceBonus;5;Acid;Sulis have resistance to acid 5, cold 5, electricity 5, and fire 5.	Misc;Energy Resistance 5;ResistanceBonus;5;Cold;Sulis have resistance to acid 5, cold 5, electricity 5, and fire 5.	Misc;Energy Resistance 5;ResistanceBonus;5;Electricity;Sulis have resistance to acid 5, cold 5, electricity 5, and fire 5.	Misc;Energy Resistance 5;ResistanceBonus;5;Fire;Sulis have resistance to acid 5, cold 5, electricity 5, and fire 5.	-	-	-	-	Languages: Sulis begin play speaking Common and one elemental language (Aquan, Auran, Ignan, or Terran). Sulis with high Intelligence scores can choose from the following: Aquan, Auran, Draconic, Ignan, and Terran.
Svirfneblin	-2 Strength, +2 Dexterity, +2 Wisdom, -4 Charisma	Svirfneblin are fast and observant but relatively weak and emotionally distant	Small: Svirfneblin are Small creatures and gain a +1 size bonus to their AC, a +1 size bonus on attack rolls, a –1 penalty to their CMB and CMD, and a +4 size bonus on Stealth checks.		20	1	Superior Darkvision;Low-Light Vision	Misc;Defensive Training;ArmorClass;2;dodge;Svirfneblin gain a +2 dodge bonus to Armor Class.	Misc;Fortunate;SavingThrow;2;all;racial;Svirfneblin gain a +2 racial bonus on all saving throws.	Misc;Skilled;Skill;2;racial;Stealth;Svirfneblin gain a +2 racial bonus on Stealth checks. This improves to a +4 bonus underground. They gain a +2 racial bonus on Craft(alchemy) checks and Perception checks.	Misc;Hatred;Misc;AttackBonus;Humanoid-reptilian, Humanoid-dwarven;racial;1;Svirfneblin receive a +1 bonus on attack rolls against humanoid creatures of the reptilian and dwarven subtypes due to training against these hated foes.	Misc;Stonecunning;Misc;Svirfneblin gain stonecunning as dwarves.	Misc;Spell Resistance;Misc;Svirfneblin have SR equal to 11 + their class levels.	Misc;Svirfneblin Magic;Misc;Svirfneblin add +1 to the DC of any illusion spells they cast. Svirfneblin also gain the following spell-like abilities: Constant—nondetection; 1/day—blindness/deafness, blur, disguise self; caster level equals the svirfneblin's class levels.	Misc;Skilled;Skill;2;racial;Craft(alchemy);Svirfneblin gain a +2 racial bonus on Craft(alchemy) checks and Perception checks.	Misc;Skilled;Skill;2;racial;Perception;Svirfneblin gain a +2 racial bonus on Craft(alchemy) checks and Perception checks.	-	Languages: Svirfneblin begin play speaking Gnome and Undercommon. Those with high Intelligence scores can choose from the following: Aklo, Common, Draconic, Dwarven, Elven, Giant, Goblin, Orc, and Terran.
Vanaras	+2 Dexterity, +2 Wisdom, -2 Charisma	Vanaras are agile and insightful, but are also rather mischievous	Medium: Vanaras are Medium creatures and have no bonuses or penalties due to their size.	Normal Speed: Vanaras have a base speed of 30 feet and a Climb speed of 30 feet.	30	1	Low-Light Vision: A vanara can see twice as far as a human in dim light.	Misc;Nimble;Skill;2;Acrobatics;Vanaras have a +2 racial bonus on Acrobatics and Stealth checks.	Misc;Prehensile Tail;Misc;A vanara has a long, flexible tail that she can use to carry objects. She cannot wield weapons with her tail, but the tail allows her to retrieve a small, stowed object carried on her person as a swift action.	Misc;Nimble;Skill;2;Stealth;Vanaras have a +2 racial bonus on Acrobatics and Stealth checks.	-	-	-	-	-	-	-	Languages: Vanaras begin play speaking Common and Vanaran. Vanaras with high intelligence scores can choose from the following: Aklo, Celestial, Elven, Gnome, Goblin, and Sylvan.
Vishkanyas	+2 Dexterity, +2 Charisma, -2 Wisdom	Vishkanyas are graceful and elegant, but they are often irrational	Medium: Vishkanyas are Medium creatures and have no bonuses or penalties due to their size.	Normal Speed: Vishkanyas have a base speed of 30 feet.	30	1	Low-Light Vision: Vishkanyas can see twice as far as humans in conditions of dim light.	Misc;Keen Senses;Skill;2;racial;Perception;Vishkanyas receive a +2 racial bonus on Perception checks.	Misc;Limber;Skill;2;racial;Escape Artist;Vishkanyas receive a +2 racial bonus on Escape Artist and Stealth checks.	Misc;Poison Resistance;Misc;A vishkanya has a racial bonus on saving throws against poison equal to its Hit Dice.	Misc;Poison Use;Misc;Vishkanyas are skilled in the use of poison and never accidentally poison themselves when using or applying poison.	Misc;Toxic;Misc;A number of times per day equal to his Constitution modifier (minimum 1/day), a vishkanya can envenom a weapon that he wields with his toxic saliva or blood (using blood requires the vishkanya to be injured when he uses this ability). Applying venom in this way is a swift action. Vishkanya Venom: Injury; save Fort DC 10 + 1/2 the vishkanya's Hit Dice + the vishkanya's Constitution modifier; frequency 1/round for 6 rounds; effect 1d2 Dex; cure 1 save.	Misc;Limber;Skill;2;racial;Stealth;Vishkanyas receive a +2 racial bonus on Escape Artist and Stealth checks.	-	-	-	Weapon Familiarity: Vishkanyas are always proficient with blowguns, kukri, and shuriken.	Languages: Vishkanyas begin play speaking Common and Vishkanya. Vishkanyas with high Intelligence scores can choose from the following: Aklo, Draconic, Elven, Goblin, Sylvan, and Undercommon
Wayangs	+2 Dexterity, +2 Intelligence, -2 Wisdom	Wayang are nimble and cagey, but their perception of the world is clouded by shadows	Small: Wayangs are Small creatures and gain a +1 size bonus to their AC, a +1 size bonus on attack rolls, a –1 penalty on their CMB and to CMD, and a +4 size bonus on Stealth checks.	Slow Speed: Wayangs have a base speed of 20 feet.	20	1	Darkvision: Wayangs can see in the dark up to 60 feet.	Misc;Light and Dark (Su);Misc;Once per day as an immediate action, a wayang can treat positive and negative energy effects as if she were an undead creature, taking damage from positive energy and healing damage from negative energy. This ability lasts for 1 minute once activated.	Misc;Lurker;Skill;2;racial;Perception;Wayangs gain a +2 racial bonus on Perception and Stealth checks.	Misc;Shadow Magic;Misc;Wayangs add +1 to the DC of any saving throws against spells of the shadow subschool that they cast. Wayangs with a Charisma score of 11 or higher also gain the following spell-like abilities: 1/day—ghost sound, pass without trace, and ventriloquism. The caster level for these effects is equal to the wayang's level. The DC for these spells is equal to 10 + the spell's level + the wayang's Charisma modifier.	Misc;Shadow Resistance;SavingThrow;2;spells of the shadow subschool;racial;Wayangs get a +2 racial bonus on saving throws against spells of the shadow subschool.	Misc;Lurker;Skill;2;racial;Stealth;Wayangs gain a +2 racial bonus on Perception and Stealth checks.	-	-	-	-	-	Languages: Wayangs begin play speaking Common and Wayang. Wayangs with high Intelligence scores can choose from the following: any human language, Abyssal, Aklo, Draconic, Goblin, Infernal, Nagaji, Samsaran, and Tengu.